{"numero_cluster": 1, "numero_puntos": 4, "PuntosX": [2.1338040828704834, 2.123737335205078, 2.137125015258789, 2.158522844314575], "PuntosY": [-2.0968830585479736, -2.050868511199951, -2.028055429458618, -2.012854814529419]}
{"numero_cluster": 2, "numero_puntos": 4, "PuntosX": [2.2821247577667236, 2.272059440612793, 2.281548023223877, 2.298025608062744], "PuntosY": [-2.019052505493164, -1.9750703573226929, -1.9486262798309326, -1.9282724857330322]}
{"numero_cluster": 3, "numero_puntos": 6, "PuntosX": [2.123723268508911, 2.1067638397216797, 2.11946439743042, 2.1330926418304443, 2.1636507511138916, 2.2171995639801025], "PuntosY": [-1.542974591255188, -1.5027399063110352, -1.4840643405914307, -1.466033697128296, -1.4594008922576904, -1.4675322771072388]}
{"numero_cluster": 4, "numero_puntos": 5, "PuntosX": [2.131953001022339, 2.125537395477295, 2.137970209121704, 2.1560254096984863, 2.187988758087158], "PuntosY": [-1.3582035303115845, -1.328182578086853, -1.3101497888565063, -1.295470118522644, -1.2888234853744507]}
{"numero_cluster": 6, "numero_puntos": 11, "PuntosX": [2.3684396743774414, 2.3494255542755127, 2.339419364929199, 2.333857774734497, 2.3310017585754395, 2.332751512527466, 2.3358373641967773, 2.34173846244812, 2.3497843742370605, 2.3597304821014404, 2.3729324340820312], "PuntosY": [-1.054497480392456, -1.0215588808059692, -0.993024468421936, -0.9667151570320129, -0.9417859315872192, -0.9188948273658752, -0.8966438174247742, -0.8755398392677307, -0.8552514910697937, -0.835624098777771, -0.8170661330223083]}
{"numero_cluster": 7, "numero_puntos": 7, "PuntosX": [1.85689377784729, 1.820832371711731, 1.8179081678390503, 1.8149330615997314, 1.8244898319244385, 1.8396674394607544, 1.882852554321289], "PuntosY": [-0.6213080883026123, -0.5916243195533752, -0.5731841325759888, -0.5548804998397827, -0.5404384136199951, -0.5275160074234009, -0.522161066532135]}
{"numero_cluster": 8, "numero_puntos": 6, "PuntosX": [1.9111533164978027, 1.8794528245925903, 1.8764245510101318, 1.8734185695648193, 1.8816876411437988, 1.897842288017273], "PuntosY": [-0.45882707834243774, -0.43390560150146484, -0.4159933626651764, -0.39820733666419983, -0.38283348083496094, -0.3689032196998596]}
{"numero_cluster": 9, "numero_puntos": 5, "PuntosX": [1.2355586290359497, 1.2228161096572876, 1.2208828926086426, 1.2237638235092163, 1.2330974340438843], "PuntosY": [-0.18465542793273926, -0.17185552418231964, -0.16073232889175415, -0.15025930106639862, -0.14049366116523743]}
{"numero_cluster": 10, "numero_puntos": 5, "PuntosX": [1.2313646078109741, 1.2226765155792236, 1.2208904027938843, 1.2238636016845703, 1.235307216644287], "PuntosY": [-0.03224445879459381, -0.021341895684599876, -0.010654476471245289, 5.0833477871492505e-08, 0.010780390352010727]}
{"numero_cluster": 11, "numero_puntos": 9, "PuntosX": [2.299142599105835, 2.2648890018463135, 2.247260332107544, 2.2373557090759277, 2.2322072982788086, 2.2313337326049805, 2.2349960803985596, 2.244286060333252, 2.2656090259552], "PuntosY": [0.2011491060256958, 0.21808408200740814, 0.23619665205478668, 0.25491446256637573, 0.27408066391944885, 0.29376083612442017, 0.3141082227230072, 0.33541086316108704, 0.358837366104126]}
{"numero_cluster": 12, "numero_puntos": 9, "PuntosX": [2.344647169113159, 2.3013410568237305, 2.2805614471435547, 2.2675507068634033, 2.2595739364624023, 2.2560648918151855, 2.257399320602417, 2.2656853199005127, 2.2870590686798096], "PuntosY": [0.49837028980255127, 0.5101950168609619, 0.526509165763855, 0.5443906784057617, 0.5633751153945923, 0.5834580063819885, 0.604868471622467, 0.6283301115036011, 0.6558037996292114]}
{"numero_cluster": 13, "numero_puntos": 4, "PuntosX": [2.68437123298645, 2.6560277938842773, 2.651231050491333, 2.659489870071411], "PuntosY": [1.0845565795898438, 1.1001629829406738, 1.1253807544708252, 1.1563793420791626]}
{"numero_cluster": 14, "numero_puntos": 5, "PuntosX": [2.619048595428467, 2.5598437786102295, 2.545137882232666, 2.5404915809631348, 2.564037561416626], "PuntosY": [1.2212824821472168, 1.2209831476211548, 1.241347074508667, 1.2666425704956055, 1.3064424991607666]}
{"numero_cluster": 15, "numero_puntos": 8, "PuntosX": [1.2685333490371704, 1.249877691268921, 1.231551170349121, 1.2224007844924927, 1.2176254987716675, 1.2128289937973022, 1.2121264934539795, 1.2223260402679443], "PuntosY": [0.8396239876747131, 0.8430532813072205, 0.8464215993881226, 0.8559343218803406, 0.8685238361358643, 0.8811718821525574, 0.8969267010688782, 0.9210889339447021]}
{"numero_cluster": 16, "numero_puntos": 8, "PuntosX": [1.1326688528060913, 1.1164242029190063, 1.100404977798462, 1.092087745666504, 1.0873150825500488, 1.082509994506836, 1.0847282409667969, 1.0976709127426147], "PuntosY": [0.9504221677780151, 0.9535163044929504, 0.956567645072937, 0.966197669506073, 0.9790230989456177, 0.9919376969337463, 1.0115257501602173, 1.0416510105133057]}
