{"numero_cluster": 2, "numero_puntos": 4, "PuntosX": [2.13377046585083, 2.123727321624756, 2.137115001678467, 2.1585352420806885], "PuntosY": [-2.0968496799468994, -2.0508599281311035, -2.0280463695526123, -2.012866497039795]}
{"numero_cluster": 5, "numero_puntos": 4, "PuntosX": [2.2820940017700195, 2.272028923034668, 2.2815396785736084, 2.2980406284332275], "PuntosY": [-2.019026041030884, -1.9750444889068604, -1.9486191272735596, -1.9282853603363037]}
{"numero_cluster": 6, "numero_puntos": 7, "PuntosX": [3.250814437866211, 3.25081205368042, 3.250810146331787, 3.2508082389831543, 3.250807523727417, 3.2508046627044678, 3.2508034706115723], "PuntosY": [-2.679764986038208, -2.632456064224243, -2.585811138153076, -2.539809465408325, -2.494431972503662, -2.4496572017669678, -2.4054677486419678]}
{"numero_cluster": 7, "numero_puntos": 5, "PuntosX": [2.1236870288848877, 2.1067557334899902, 2.1194570064544678, 2.133099317550659, 2.163658857345581], "PuntosY": [-1.542948842048645, -1.5027340650558472, -1.4840593338012695, -1.4660383462905884, -1.4594061374664307]}
{"numero_cluster": 10, "numero_puntos": 5, "PuntosX": [2.1319220066070557, 2.12553071975708, 2.13796329498291, 2.1560330390930176, 2.187997341156006], "PuntosY": [-1.3581838607788086, -1.3281787633895874, -1.310145616531372, -1.2954752445220947, -1.2888292074203491]}
{"numero_cluster": 11, "numero_puntos": 11, "PuntosX": [3.2507848739624023, 3.2507832050323486, 3.2507822513580322, 3.2507810592651367, 3.250779151916504, 3.2507779598236084, 3.250776529312134, 3.25077486038208, 3.2507736682891846, 3.2507729530334473, 3.2507708072662354], "PuntosY": [-1.876841425895691, -1.8392044305801392, -1.8019382953643799, -1.7650302648544312, -1.7284698486328125, -1.6922481060028076, -1.6563540697097778, -1.6207761764526367, -1.5855084657669067, -1.550539255142212, -1.5158591270446777]}
{"numero_cluster": 13, "numero_puntos": 11, "PuntosX": [2.3683955669403076, 2.3493967056274414, 2.3393959999084473, 2.3338396549224854, 2.3309874534606934, 2.332737445831299, 2.3358261585235596, 2.3417274951934814, 2.3497772216796875, 2.35972261428833, 2.372927665710449], "PuntosY": [-1.0544776916503906, -1.021546721458435, -0.993014931678772, -0.9667081236839294, -0.9417799711227417, -0.9188894629478455, -0.8966397047042847, -0.8755361437797546, -0.8552489280700684, -0.83562171459198, -0.8170644640922546]}
{"numero_cluster": 14, "numero_puntos": 7, "PuntosX": [1.856848120689392, 1.8208178281784058, 1.8178929090499878, 1.8149181604385376, 1.8244869709014893, 1.8396656513214111, 1.882896065711975], "PuntosY": [-0.6212925910949707, -0.5916197299957275, -0.573179304599762, -0.5548761487007141, -0.5404376983642578, -0.5275155901908875, -0.5221731066703796]}
{"numero_cluster": 15, "numero_puntos": 3, "PuntosX": [3.2507472038269043, 3.250746965408325, 3.250746250152588], "PuntosY": [-0.8710351586341858, -0.8407002687454224, -0.8105019330978394]}
{"numero_cluster": 16, "numero_puntos": 6, "PuntosX": [1.9111171960830688, 1.879438042640686, 1.8764108419418335, 1.8734043836593628, 1.8816859722137451, 1.8978402614593506], "PuntosY": [-0.45881858468055725, -0.4339022934436798, -0.41599026322364807, -0.3982042968273163, -0.3828333020210266, -0.3689027428627014]}
{"numero_cluster": 17, "numero_puntos": 4, "PuntosX": [3.250737428665161, 3.250736951828003, 3.2507357597351074, 3.2507333755493164], "PuntosY": [-0.6024883985519409, -0.5731925368309021, -0.5439865589141846, -0.5148656368255615]}
{"numero_cluster": 18, "numero_puntos": 5, "PuntosX": [1.2355303764343262, 1.2228035926818848, 1.2208731174468994, 1.2237563133239746, 1.233095407485962], "PuntosY": [-0.18465109169483185, -0.171853706240654, -0.16073095798492432, -0.15025849640369415, -0.14049340784549713]}
{"numero_cluster": 19, "numero_puntos": 9, "PuntosX": [3.2507286071777344, 3.250727415084839, 3.2507264614105225, 3.250725507736206, 3.2507243156433105, 3.2507224082946777, 3.2507216930389404, 3.2507216930389404, 3.250720500946045], "PuntosY": [-0.34166523814201355, -0.3130091428756714, -0.28440189361572266, -0.2558377981185913, -0.22731277346611023, -0.1988227516412735, -0.170363187789917, -0.14192982017993927, -0.11351761966943741]}
{"numero_cluster": 20, "numero_puntos": 5, "PuntosX": [1.231347918510437, 1.2226650714874268, 1.2208808660507202, 1.2238563299179077, 1.2353111505508423], "PuntosY": [-0.03224394470453262, -0.02134176529943943, -0.010654461570084095, -1.770968083292246e-08, 0.01078042946755886]}
{"numero_cluster": 21, "numero_puntos": 8, "PuntosX": [3.2507145404815674, 3.250711679458618, 3.250711441040039, 3.250710964202881, 3.2507100105285645, 3.25070858001709, 3.2507071495056152, 3.250706195831299], "PuntosY": [0.0567413754761219, 0.08512293547391891, 0.11351746320724487, 0.14192944765090942, 0.1703624129295349, 0.19882170855998993, 0.22731156647205353, 0.25583615899086]}
{"numero_cluster": 22, "numero_puntos": 9, "PuntosX": [2.299105405807495, 2.264869451522827, 2.2472445964813232, 2.237344980239868, 2.232198715209961, 2.2313272953033447, 2.2349913120269775, 2.2442848682403564, 2.2656161785125732], "PuntosY": [0.20114578306674957, 0.21808204054832458, 0.23619504272937775, 0.2549130916595459, 0.2740797996520996, 0.29375994205474854, 0.3141075372695923, 0.3354106545448303, 0.35883828997612]}
{"numero_cluster": 23, "numero_puntos": 5, "PuntosX": [3.2506961822509766, 3.250694990158081, 3.2506937980651855, 3.250692367553711, 3.2506914138793945], "PuntosY": [0.5439798831939697, 0.5731849670410156, 0.6024801731109619, 0.6318705081939697, 0.6613605618476868]}
{"numero_cluster": 24, "numero_puntos": 9, "PuntosX": [2.344604253768921, 2.301320791244507, 2.280548572540283, 2.2675399780273438, 2.259566068649292, 2.2560577392578125, 2.2573978900909424, 2.2656867504119873, 2.2870709896087646], "PuntosY": [0.49836108088493347, 0.510190486907959, 0.5265061259269714, 0.5443881154060364, 0.5633732080459595, 0.5834561586380005, 0.6048678755760193, 0.6283304691314697, 0.6558069586753845]}
{"numero_cluster": 25, "numero_puntos": 11, "PuntosX": [3.250681161880493, 3.2506799697875977, 3.250678777694702, 3.2506775856018066, 3.250675916671753, 3.2506744861602783, 3.2506723403930664, 3.2506721019744873, 3.2506699562072754, 3.250669479370117, 3.25066876411438], "PuntosY": [0.9628955721855164, 0.9938323497772217, 1.024935245513916, 1.0562090873718262, 1.087660789489746, 1.119296669960022, 1.1511231660842896, 1.183147668838501, 1.2153754234313965, 1.2478148937225342, 1.2804722785949707]}
{"numero_cluster": 26, "numero_puntos": 4, "PuntosX": [2.6843531131744385, 2.6560230255126953, 2.651226043701172, 2.659498453140259], "PuntosY": [1.0845491886138916, 1.1001604795455933, 1.1253787279129028, 1.1563830375671387]}
{"numero_cluster": 29, "numero_puntos": 4, "PuntosX": [2.5598270893096924, 2.5451347827911377, 2.5404882431030273, 2.564049005508423], "PuntosY": [1.2209750413894653, 1.2413454055786133, 1.266640543937683, 1.3064483404159546]}
{"numero_cluster": 30, "numero_puntos": 12, "PuntosX": [3.2506535053253174, 3.250652551651001, 3.250650405883789, 3.2506494522094727, 3.25064754486084, 3.2506461143493652, 3.2506444454193115, 3.250643014907837, 3.2506415843963623, 3.2506399154663086, 3.250638484954834, 3.2506375312805176], "PuntosY": [1.692183256149292, 1.7284022569656372, 1.7649592161178589, 1.801864743232727, 1.8391281366348267, 1.8767610788345337, 1.9147758483886719, 1.9531832933425903, 1.9919953346252441, 2.0312249660491943, 2.070884943008423, 2.1109883785247803]}
{"numero_cluster": 31, "numero_puntos": 8, "PuntosX": [1.2685267925262451, 1.2498714923858643, 1.231545329093933, 1.2223962545394897, 1.2176218032836914, 1.212824821472168, 1.2121243476867676, 1.2223238945007324], "PuntosY": [0.8396193981170654, 0.8430489301681519, 0.8464176058769226, 0.8559308648109436, 0.8685210347175598, 0.8811686635017395, 0.8969248533248901, 0.9210869669914246]}
{"numero_cluster": 32, "numero_puntos": 5, "PuntosX": [2.4829189777374268, 2.4620964527130127, 2.4443302154541016, 2.430205821990967, 2.4186184406280518],