{"TiempoSleep": 0.5, "MaxIteraciones": 50}
{"Iteracion": 1, "PuntosX": [1.2846564054489136, 1.2819015979766846, 1.2890479564666748, 1.30377995967865, 1.202134370803833, 1.2054075002670288, 1.214447021484375, 1.2344982624053955], "PuntosY": [-0.9505956768989563, -0.931355893611908, -0.9194689393043518, -0.9129165410995483, -0.8108496069908142, -0.7978416085243225, -0.7886710166931152, -0.7864621877670288]}
{"Iteracion": 2, "PuntosX": [1.1735106706619263, 1.1739293336868286, 1.1809179782867432, 1.1943751573562622, 1.3160380125045776, 1.3277608156204224], "PuntosY": [-0.8526054620742798, -0.8373554944992065, -0.8268876671791077, -0.8208711743354797, -0.8876787424087524, -0.8788256049156189]}
{"Iteracion": 3, "PuntosX": [1.170116662979126, 1.1710915565490723, 1.1788169145584106, 1.1931692361831665, 1.3151291608810425, 1.320070743560791, 1.332060694694519], "PuntosY": [-0.8978618383407593, -0.8824807405471802, -0.8722785115242004, -0.8668879866600037, -0.8540546298027039, -0.8409774899482727, -0.8323636651039124]}
{"Iteracion": 4, "PuntosX": [1.1940786838531494, 1.1972980499267578, 1.2067947387695312, 1.2260749340057373, 1.2915515899658203, 1.2924456596374512, 1.3003380298614502, 1.3175699710845947], "PuntosY": [-0.9329164028167725, -0.9187186360359192, -0.9093847274780273, -0.9072476625442505, -0.8228089213371277, -0.8076095581054688, -0.796847939491272, -0.7916758060455322]}
{"Iteracion": 5, "PuntosX": [1.2371299266815186, 1.2410259246826172, 1.2514121532440186, 1.2528507709503174, 1.2483464479446411, 1.2535192966461182, 1.2651299238204956], "PuntosY": [-0.949283242225647, -0.9351800084114075, -0.9259961247444153, -0.8136104941368103, -0.7952843308448792, -0.78328537940979, -0.7752724289894104]}
{"Iteracion": 6, "PuntosX": [1.2877490520477295, 1.2828640937805176, 1.289507269859314, 1.303399920463562, 1.203294277191162, 1.2060372829437256, 1.2146891355514526, 1.2327958345413208], "PuntosY": [-0.9528840780258179, -0.9320550560951233, -0.919796347618103, -0.9126500487327576, -0.8116321563720703, -0.7982586622238159, -0.7888280749320984, -0.7853773236274719]}
{"Iteracion": 7, "PuntosX": [1.1748242378234863, 1.1745257377624512, 1.1811052560806274, 1.1938904523849487, 1.3164504766464233, 1.3276442289352417], "PuntosY": [-0.853559672832489, -0.8377810120582581, -0.8270187973976135, -0.8205380439758301, -0.8879570364952087, -0.8787484765052795]}
{"Iteracion": 8, "PuntosX": [1.1712809801101685, 1.1715445518493652, 1.1788926124572754, 1.1926474571228027, 1.3157696723937988, 1.3202621936798096, 1.33173406124115], "PuntosY": [-0.8987554311752319, -0.8828222751617432, -0.8723344206809998, -0.8665091395378113, -0.8544706702232361, -0.8411000370979309, -0.8321598768234253]}
{"Iteracion": 9, "PuntosX": [1.1948033571243286, 1.1975642442703247, 1.2067370414733887, 1.224880576133728, 1.2925472259521484, 1.2927581071853638, 1.3004217147827148, 1.3167084455490112], "PuntosY": [-0.9334825873374939, -0.9189231395721436, -0.9093415141105652, -0.906363844871521, -0.8234431743621826, -0.8078047633171082, -0.7968992590904236, -0.7911583185195923]}
{"Iteracion": 10, "PuntosX": [1.2377642393112183, 1.2412766218185425, 1.2513295412063599, 1.277760624885559, 1.2545570135116577, 1.2487448453903198, 1.2537649869918823, 1.2650039196014404], "PuntosY": [-0.9497699737548828, -0.935369074344635, -0.9259352087974548, -0.9283473491668701, -0.8147187829017639, -0.7955383062362671, -0.7834390997886658, -0.7751953601837158]}
{"Iteracion": 11, "PuntosX": [1.4963690042495728, 1.493436336517334, 1.4990341663360596, 1.5165706872940063, 1.4211106300354004, 1.4141349792480469, 1.416418433189392, 1.4260910749435425], "PuntosY": [-0.529891848564148, -0.5142313241958618, -0.5015697479248047, -0.4927636981010437, -0.40749701857566833, -0.39217427372932434, -0.3795282542705536, -0.36881211400032043]}
{"Iteracion": 12, "PuntosX": [1.528108835220337, 1.3876323699951172, 1.384563684463501, 1.3887600898742676, 1.4012293815612793], "PuntosY": [-0.496512770652771, -0.4375188648700714, -0.4233035147190094, -0.41136953234672546, -0.4017961323261261]}
{"Iteracion": 13, "PuntosX": [1.3967063426971436, 1.3817015886306763, 1.3829429149627686, 1.390913724899292, 1.5364915132522583, 1.5271376371383667, 1.5297904014587402, 1.541359305381775], "PuntosY": [-0.49459952116012573, -0.4757578372955322, -0.46272629499435425, -0.45193514227867126, -0.45512956380844116, -0.4378996789455414, -0.4242485463619232, -0.4130059778690338]}
{"Iteracion": 14, "PuntosX": [1.4134633541107178, 1.4060349464416504, 1.4090763330459595, 1.419396162033081, 1.5037145614624023, 1.5038654804229736, 1.5118178129196167], "PuntosY": [-0.5284723043441772, -0.5117548108100891, -0.4989801049232483, -0.4887371063232422, -0.40291908383369446, -0.3889259099960327, -0.3769385814666748]}
{"Iteracion": 15, "PuntosX": [1.4550373554229736, 1.4493021965026855, 1.453202247619629, 1.465617299079895, 1.4644384384155273, 1.4601343870162964, 1.4640414714813232, 1.477304220199585], "PuntosY": [-0.5440159440040588, -0.5275026559829712, -0.5146058201789856, -0.5046523809432983, -0.39239510893821716, -0.3776163160800934, -0.3650265634059906, -0.35466933250427246]}
{"Iteracion": 16, "PuntosX": [1.4986546039581299, 1.4944541454315186, 1.49945867061615, 1.515110731124878, 1.4239188432693481, 1.4153833389282227, 1.4172046184539795, 1.4261711835861206], "PuntosY": [-0.5307014584541321, -0.514581561088562, -0.5017117857933044, -0.4922892451286316, -0.4083020091056824, -0.3925204277038574, -0.37973883748054504, -0.3688327968120575]}
{"Iteracion": 17, "PuntosX": [1.5303868055343628, 1.389379620552063, 1.3854995965957642, 1.3892329931259155, 1.4006679058074951], "PuntosY": [-0.497252881526947, -0.43806976079940796, -0.42358970642089844, -0.41150975227355957, -0.40163514018058777]}
{"Iteracion": 18, "PuntosX": [1.3826851844787598, 1.3834670782089233, 1.390874981880188, 1.539673089981079, 1.5280601978302002, 1.530132532119751, 1.540984034538269], "PuntosY": [-0.476096510887146, -0.46290165185928345, -0.45192277431488037, -0.4560720920562744, -0.4381643533706665, -0.4243430495262146, -0.41290536522865295]}
{"Iteracion": 19, "PuntosX": [1.4157191514968872, 1.4067426919937134, 1.4093372821807861, 1.4190906286239624, 1.5046746730804443, 1.5042829513549805, 1.5117162466049194], "PuntosY": [-0.5293155908584595, -0.5120124220848083, -0.49907246232032776, -0.48863205313682556, -0.403176486492157, -0.3890340030193329, -0.3769133985042572]}
{"Iteracion": 20, "PuntosX": [1.4569002389907837, 1.4499262571334839, 1.453408122062683, 1.465159296989441, 1.4655767679214478, 1.4607030153274536, 1.4641581773757935, 1.4767823219299316], "PuntosY": [-0.5447126030921936, -0.5277299284934998, -0.5146786570549011, -0.5044947862625122, -0.3927002251148224, -0.37776345014572144, -0.36505571007728577, -0.354544073343277]}
{"Iteracion": 21, "PuntosX": [1.5709306001663208, 1.5650759935379028, 1.5676374435424805, 1.5860289335250854, 1.500211477279663, 1.4879041910171509, 1.4859002828598022, 1.4917453527450562], "PuntosY": [-0.06858845800161362, -0.05465369671583176, -0.0410500094294548, -0.027684370055794716, 0.05238856375217438, 0.06496337801218033, 0.07787273824214935, 0.0912390649318695]}
{"Iteracion": 22, "PuntosX": [1.5975935459136963, 1.5952434539794922, 1.6016814708709717, 1.4604098796844482, 1.456140160560608, 1.458825707435608], "PuntosY": [-0.02788611873984337, -0.013921311125159264, -4.103640094399452e-09, 0.025491641834378242, 0.03813041001558304, 0.050943393260240555]}
{"Iteracion": 23, "PuntosX": [1.4615787267684937, 1.4536646604537964, 1.4538689851760864, 1.4623041152954102, 1.5985705852508545, 1.6019715070724487], "PuntosY": [-0.025512073189020157, -0.012685812078416348, 1.899024937301874e-08, 0.012761295773088932, 0.027903128415346146, 0.041949111968278885]}
{"Iteracion": 24, "PuntosX": [1.4864331483840942, 1.4782315492630005, 1.4787064790725708, 1.4875119924545288, 1.5784211158752441, 1.574301838874817, 1.5785554647445679],