{"TiempoSleep": 0.5, "MaxIteraciones": 50}
{"Iteracion": 1, "PuntosX": [1.268021583557129, 1.2741292715072632, 1.2871755361557007, 1.189131498336792, 1.1915459632873535, 1.199859380722046, 1.2161351442337036], "PuntosY": [-0.9382866024971008, -0.9257090091705322, -0.9181332588195801, -0.8172674179077148, -0.8037075400352478, -0.7941696643829346, -0.7897670865058899]}
{"Iteracion": 2, "PuntosX": [1.1609728336334229, 1.1602880954742432, 1.1667146682739258, 1.179082989692688, 1.301466703414917, 1.3118418455123901], "PuntosY": [-0.8590745329856873, -0.8429986834526062, -0.8322092294692993, -0.8256024718284607, -0.8944730758666992, -0.8848482966423035]}
{"Iteracion": 3, "PuntosX": [1.1573354005813599, 1.1573617458343506, 1.1644585132598877, 1.1777459383010864, 1.3017256259918213, 1.3054661750793457, 1.3160024881362915], "PuntosY": [-0.9042094349861145, -0.8880746960639954, -0.877482533454895, -0.8714863657951355, -0.8615935444831848, -0.8477798104286194, -0.8383859992027283]}
{"Iteracion": 4, "PuntosX": [1.1808794736862183, 1.1832153797149658, 1.1919605731964111, 1.2086924314498901, 1.2797837257385254, 1.2787089347839355, 1.2855322360992432, 1.2998780012130737], "PuntosY": [-0.9393138885498047, -0.9244292378425598, -0.9146234393119812, -0.9108149409294128, -0.83110111951828, -0.8146275877952576, -0.8032895922660828, -0.7965660691261292]}
{"Iteracion": 5, "PuntosX": [1.223913550376892, 1.2266132831573486, 1.2361016273498535, 1.2555463314056396, 1.2352163791656494, 1.2394222021102905, 1.2496211528778076], "PuntosY": [-0.9562258124351501, -0.9412130117416382, -0.9314690232276917, -0.9290553331375122, -0.8021587133407593, -0.789598822593689, -0.7808495759963989]}
{"Iteracion": 6, "PuntosX": [1.268987774848938, 1.2746167182922363, 1.2871050834655762, 1.1904329061508179, 1.1923209428787231, 1.20022451877594, 1.2156230211257935], "PuntosY": [-0.9390015006065369, -0.926062822341919, -0.9180830121040344, -0.8181617259979248, -0.8042305111885071, -0.7944112420082092, -0.7894348502159119]}
{"Iteracion": 7, "PuntosX": [1.162589192390442, 1.160947322845459, 1.1670665740966797, 1.178978443145752, 1.3019731044769287, 1.311930537223816], "PuntosY": [-0.8602707982063293, -0.8434774875640869, -0.8324604034423828, -0.8255295157432556, -0.8948212265968323, -0.8849082589149475]}
{"Iteracion": 8, "PuntosX": [1.1584421396255493, 1.157823920249939, 1.164608120918274, 1.177424669265747, 1.3025469779968262, 1.3058593273162842, 1.3160219192504883], "PuntosY": [-0.9050741195678711, -0.8884293437004089, -0.8775951266288757, -0.8712483644485474, -0.8621370196342468, -0.8480348587036133, -0.8383983373641968]}
{"Iteracion": 9, "PuntosX": [1.1814154386520386, 1.1834678649902344, 1.1920418739318848, 1.2083592414855957, 1.2803829908370972, 1.2790586948394775, 1.2856621742248535, 1.2997485399246216], "PuntosY": [-0.9397403001785278, -0.9246260523796082, -0.9146857857704163, -0.9105638861656189, -0.8314906358718872, -0.8148503303527832, -0.8033708333969116, -0.7964868545532227]}
{"Iteracion": 10, "PuntosX": [1.2240568399429321, 1.226789951324463, 1.2363049983978271, 1.255763053894043, 1.2354605197906494, 1.2396658658981323, 1.2498703002929688], "PuntosY": [-0.9563379883766174, -0.9413491487503052, -0.9316226840019226, -0.9292154312133789, -0.8023173809051514, -0.7897542715072632, -0.7810056209564209]}
{"Iteracion": 11, "PuntosX": [1.4898148775100708, 1.481281042098999, 1.4844956398010254, 1.4962230920791626, 1.4035311937332153, 1.403418779373169, 1.4101746082305908], "PuntosY": [-0.5422483086585999, -0.5245489478111267, -0.5111527442932129, -0.5006293058395386, -0.402456134557724, -0.38920244574546814, -0.3778551518917084]}
{"Iteracion": 12, "PuntosX": [1.5239983797073364, 1.3793771266937256, 1.372853398323059, 1.3751355409622192, 1.384352445602417], "PuntosY": [-0.5099226832389832, -0.4481869339942932, -0.43285897374153137, -0.42042115330696106, -0.41006389260292053]}
{"Iteracion": 13, "PuntosX": [1.3707623481750488, 1.37008535861969, 1.3761440515518188, 1.3929903507232666, 1.5162428617477417, 1.5163872241973877, 1.5245682001113892], "PuntosY": [-0.48541224002838135, -0.471758097410202, -0.4604513645172119, -0.45260992646217346, -0.4491316080093384, -0.43481719493865967, -0.422800213098526]}
{"Iteracion": 14, "PuntosX": [1.3944425582885742, 1.3955456018447876, 1.403646469116211, 1.4942303895950317, 1.49135422706604, 1.4966236352920532, 1.514461636543274], "PuntosY": [-0.5213606953620911, -0.5079370141029358, -0.4970571994781494, -0.41438668966293335, -0.39960718154907227, -0.38705316185951233, -0.3775976002216339]}
{"Iteracion": 15, "PuntosX": [1.4372665882110596, 1.4393560886383057, 1.4488948583602905, 1.458174467086792, 1.44880211353302, 1.4504990577697754, 1.459720253944397], "PuntosY": [-0.537371814250946, -0.5238826274871826, -0.5130804181098938, -0.40438738465309143, -0.38820526003837585, -0.375124454498291, -0.36394912004470825]}
{"Iteracion": 16, "PuntosX": [1.4920414686203003, 1.48228919506073, 1.4851574897766113, 1.4964566230773926, 1.404701590538025, 1.404286503791809, 1.4107586145401], "PuntosY": [-0.5430586338043213, -0.5249060392379761, -0.5113804936408997, -0.5007076263427734, -0.4027917981147766, -0.3894430994987488, -0.37801170349121094]}
{"Iteracion": 17, "PuntosX": [1.3817342519760132, 1.3738051652908325, 1.3756591081619263, 1.3844107389450073], "PuntosY": [-0.4489527940750122, -0.43315911293029785, -0.42058104276657104, -0.410081148147583]}
{"Iteracion": 18, "PuntosX": [1.3718655109405518, 1.3705695867538452, 1.3761935234069824, 1.3913921117782593, 1.5172967910766602, 1.5168137550354004, 1.52436363697052], "PuntosY": [-0.48580294847488403, -0.4719247817993164, -0.4604678750038147, -0.4520905315876007, -0.44944384694099426, -0.43493932485580444, -0.42274343967437744]}
{"Iteracion": 19, "PuntosX": [1.395085096359253, 1.3957834243774414, 1.4034937620162964, 1.4952372312545776, 1.4918029308319092, 1.4966320991516113, 1.5131332874298096], "PuntosY": [-0.5216008424758911, -0.5080235004425049, -0.4970031976699829, -0.41466599702835083, -0.39972734451293945, -0.3870552182197571, -0.377266526222229]}
{"Iteracion": 20, "PuntosX": [1.4377326965332031, 1.4395252466201782, 1.4487228393554688, 1.4598219394683838, 1.4492639303207397, 1.4506362676620483, 1.459489107131958], "PuntosY": [-0.5375461578369141, -0.5239442586898804, -0.5130195021629333, -0.40484434366226196, -0.3883289694786072, -0.3751598000526428, -0.3638913631439209]}
{"Iteracion": 21, "PuntosX": [1.5704834461212158, 1.5562615394592285, 1.5551793575286865, 1.5625760555267334, 1.4825294017791748, 1.4763792753219604, 1.477699637413025, 1.490506887435913], "PuntosY": [-0.08230555057525635, -0.06794784963130951, -0.05430801585316658, -0.04091747850179672, 0.051771119236946106, 0.06446023285388947, 0.07744298875331879, 0.09116333723068237]}
{"Iteracion": 22, "PuntosX": [1.5924886465072632, 1.5851666927337646, 1.5868843793869019, 1.6024845838546753, 1.4570374488830566, 1.447485089302063, 1.4466229677200317, 1.45332670211792], "PuntosY": [-0.041700784116983414, -0.027669178321957588, -0.013848524540662766, -2.449087332934141e-08, 0.012715369462966919, 0.02526598423719406, 0.03788111358880997, 0.050751280039548874]}
{"Iteracion": 23, "PuntosX": [1.4461829662322998, 1.442832350730896, 1.4465011358261108, 1.5902026891708374, 1.5892279148101807, 1.5979986190795898], "PuntosY": [-0.025243207812309265, -0.012591313570737839, 2.5800545699894428e-08, 0.013877484947443008, 0.0277401190251112, 0.041845012456178665]}
{"Iteracion": 24, "PuntosX": [1.4704903364181519, 1.467451572418213, 1.4714868068695068, 1.5757466554641724, 1.565666913986206, 1.565392017364502, 1.5753223896026611], "PuntosY": [-0.06420298665761948, -0.051244497299194336, -0.03853214159607887, 0.041262391954660416, 0.054674386978149414, 0.06834671646356583, 0.08255922049283981]}
{"Iteracion": 25, "PuntosX": [1.5274548530578613, 1.5123707056045532, 1.5107052326202393, 1.516872525215149, 1.5256860256195068, 1.5218863487243652, 1.5258489847183228],