{"TiempoSleep": 0.5, "MaxIteraciones": 50}
{"Iteracion": 1, "PuntosX": [2.080667018890381, 2.082845449447632, 2.1084959506988525, 1.9993630647659302, 2.0090365409851074], "PuntosY": [-1.539612889289856, -1.5132755041122437, -1.5039753913879395, -1.399969220161438, -1.3807729482650757]}
{"Iteracion": 2, "PuntosX": [1.970004916191101, 1.982362151145935, 2.11240553855896, 2.1363487243652344], "PuntosY": [-1.4312922954559326, -1.414004921913147, -1.4791219234466553, -1.4682718515396118]}
{"Iteracion": 3, "PuntosX": [1.9662379026412964, 1.9760496616363525, 2.1125848293304443, 2.1190385818481445], "PuntosY": [-1.4816665649414062, -1.4621998071670532, -1.451939344406128, -1.429309368133545]}
{"Iteracion": 4, "PuntosX": [1.991901159286499, 1.9970228672027588, 2.0241732597351074, 2.088035821914673, 2.0970115661621094], "PuntosY": [-1.5284394025802612, -1.5048645734786987, -1.4978094100952148, -1.4083980321884155, -1.3879814147949219]}
{"Iteracion": 5, "PuntosX": [2.034630537033081, 2.04880428314209, 2.0469882488250732, 2.0629217624664307], "PuntosY": [-1.533204436302185, -1.516035556793213, -1.3807114362716675, -1.3654184341430664]}
{"Iteracion": 6, "PuntosX": [2.084132194519043, 2.083543300628662, 2.106727123260498, 2.0007987022399902, 2.0092835426330566], "PuntosY": [-1.542176365852356, -1.5137826204299927, -1.5027135610580444, -1.4009740352630615, -1.3809422254562378]}
{"Iteracion": 7, "PuntosX": [1.9709171056747437, 1.982328176498413, 2.112943172454834, 2.1349880695343018], "PuntosY": [-1.4319552183151245, -1.4139807224273682, -1.4794987440109253, -1.4673364162445068]}
{"Iteracion": 8, "PuntosX": [1.966989278793335, 1.9761826992034912, 2.1137137413024902, 2.1193337440490723], "PuntosY": [-1.4822328090667725, -1.462298035621643, -1.4527150392532349, -1.4295085668563843]}
{"Iteracion": 9, "PuntosX": [1.9928895235061646, 1.9972096681594849, 2.023052453994751, 2.088770627975464, 2.097134590148926], "PuntosY": [-1.5291976928710938, -1.5050052404403687, -1.496979832649231, -1.4088937044143677, -1.3880631923675537]}
{"Iteracion": 10, "PuntosX": [2.034966230392456, 2.0489490032196045, 2.0472686290740967, 2.0630955696105957], "PuntosY": [-1.5334569215774536, -1.51614248752594, -1.3808995485305786, -1.3655333518981934]}
{"Iteracion": 11, "PuntosX": [2.4340367317199707, 2.437549114227295, 2.365231513977051, 2.354767084121704, 2.3696634769439697], "PuntosY": [-0.8381056785583496, -0.8155925273895264, -0.7231239080429077, -0.6975139379501343, -0.6794898509979248]}
{"Iteracion": 12, "PuntosX": [2.338216543197632, 2.3249716758728027, 2.3387610912323], "PuntosY": [-0.7597323656082153, -0.7330605387687683, -0.7150310277938843]}
{"Iteracion": 13, "PuntosX": [2.3288118839263916, 2.3221893310546875, 2.3390798568725586, 2.4676260948181152, 2.472904682159424], "PuntosY": [-0.8018741607666016, -0.7769935131072998, -0.7600129842758179, -0.7544287443161011, -0.7325077056884766]}
{"Iteracion": 14, "PuntosX": [2.346876382827759, 2.350149154663086, 2.4488279819488525, 2.44425368309021, 2.4676387310028076], "PuntosY": [-0.8310723304748535, -0.809221088886261, -0.7253758907318115, -0.7008785009384155, -0.6843368411064148]}
{"Iteracion": 15, "PuntosX": [2.3893778324127197, 2.39469838142395, 2.400416374206543, 2.413299798965454], "PuntosY": [-0.8461229205131531, -0.8245606422424316, -0.6883083581924438, -0.6692672371864319]}
{"Iteracion": 16, "PuntosX": [2.4357213973999023, 2.4382364749908447, 2.369450330734253, 2.355767250061035, 2.369560718536377], "PuntosY": [-0.8386858701705933, -0.8158224821090698, -0.7244133949279785, -0.6978099942207336, -0.6794605851173401]}
{"Iteracion": 17, "PuntosX": [2.465090274810791, 2.325737714767456, 2.338764190673828], "PuntosY": [-0.8009563088417053, -0.733302116394043, -0.7150318622589111]}
{"Iteracion": 18, "PuntosX": [2.3316993713378906, 2.3226895332336426, 2.338291883468628, 2.468750238418579, 2.473008871078491], "PuntosY": [-0.8028683066368103, -0.7771612405776978, -0.7597569823265076, -0.7547726035118103, -0.7325385212898254]}
{"Iteracion": 19, "PuntosX": [2.3480679988861084, 2.350137710571289, 2.450969696044922, 2.444622278213501, 2.4649293422698975], "PuntosY": [-0.8314945697784424, -0.8092172741889954, -0.7260105013847351, -0.7009843587875366, -0.6835851073265076]}
{"Iteracion": 20, "PuntosX": [2.390101671218872, 2.3946943283081055, 2.4008424282073975, 2.4129436016082764], "PuntosY": [-0.846379280090332, -0.8245590925216675, -0.6884304285049438, -0.6691683530807495]}
{"Iteracion": 21, "PuntosX": [2.5570547580718994, 2.5574309825897217, 2.4768383502960205, 2.481016159057617], "PuntosY": [-0.06695882976055145, -0.04464026167988777, 0.0648583471775055, 0.08663907647132874]}
{"Iteracion": 22, "PuntosX": [2.6071105003356934, 2.584925651550293, 2.5958950519561768, 2.4511351585388184, 2.4469070434570312], "PuntosY": [-0.04550750553607941, -0.02255822718143463, -3.803870640695095e-08, 0.021390652284026146, 0.042711056768894196]}
{"Iteracion": 23, "PuntosX": [2.445709466934204, 2.4447407722473145, 2.5888121128082275, 2.598357915878296], "PuntosY": [-0.021343214437365532, 4.650792106986046e-08, 0.02259213849902153, 0.04535457491874695]}
{"Iteracion": 24, "PuntosX": [2.4728779792785645, 2.468104124069214, 2.5749318599700928, 2.564579486846924], "PuntosY": [-0.06475447863340378, -0.04308093339204788, 0.044945795089006424, 0.0671558529138565]}
{"Iteracion": 25, "PuntosX": [2.5226736068725586, 2.51039981842041, 2.5244216918945312, 2.5283167362213135, 2.5223228931427], "PuntosY": [-0.08809375762939453, -0.06573719531297684, -0.04406411945819855, 0.06620625406503677, 0.08808152377605438]}
{"Iteracion": 26, "PuntosX": [2.5583763122558594, 2.557919502258301, 2.4779646396636963, 2.4813389778137207], "PuntosY": [-0.06699345260858536, -0.04464862868189812, 0.06488782167434692, 0.08665033429861069]}
{"Iteracion": 27, "PuntosX": [2.585736036300659, 2.595515251159668, 2.45255184173584, 2.4474105834960938], "PuntosY": [-0.02256525121629238, 9.98261384665966e-09, 0.021403059363365173, 0.042719658464193344]}
{"Iteracion": 28, "PuntosX": [2.4466629028320312, 2.4449265003204346, 2.589388608932495, 2.597877264022827], "PuntosY": [-0.02135164849460125, 1.6400008462369442e-08, 0.022597217932343483, 0.04534607008099556]}
{"Iteracion": 29, "PuntosX": [2.4737632274627686, 2.4682869911193848, 2.576040744781494, 2.564868688583374, 2.5848069190979004], "PuntosY": [-0.06477779895067215, -0.043084122240543365, 0.04496487230062485, 0.06716350466012955, 0.09026345610618591]}
{"Iteracion": 30, "PuntosX": [2.5237510204315186, 2.510666847229004, 2.523746967315674, 2.5290098190307617, 2.522477626800537], "PuntosY": [-0.08813150227069855, -0.06574403494596481, -0.04405226185917854, 0.06622447818517685, 0.08808689564466476]}
{"Iteracion": 31, "PuntosX": [2.4382569789886475, 2.4310460090637207, 2.382171630859375, 2.3545877933502197, 2.3556835651397705], "PuntosY": [0.6991590857505798, 0.7201089262962341, 0.8202475309371948, 0.8338031768798828, 0.8573985695838928]}
{"Iteracion": 32, "PuntosX": [2.4712746143341064, 2.4609546661376953, 2.344651937484741, 2.323948621749878, 2.3270277976989746], "PuntosY": [0.7320249676704407, 0.7523892521858215, 0.7845097184181213, 0.8001996278762817, 0.8240436315536499]}
{"Iteracion": 33, "PuntosX": [2.3418142795562744, 2.320627450942993, 2.323316812515259], "PuntosY": [0.7383710145950317, 0.75401771068573, 0.7773709297180176]}
{"Iteracion": 34, "PuntosX": [2.362426996231079, 2.3444786071777344, 2.349980592727661, 2.44903826713562, 2.4406116008758545], "PuntosY": [0.6997830867767334, 0.7167789936065674, 0.7409459352493286, 0.8194370269775391, 0.8403698801994324]}
{"Iteracion": 35, "PuntosX": [2.3958122730255127, 2.386476516723633, 2.4162240028381348, 2.398667335510254, 2.408984899520874], "PuntosY": [0.686988115310669, 0.7069068551063538, 0.8319724202156067, 0.8494125604629517, 0.876798689365387]}
{"Iteracion": 36, "PuntosX": [2.4394054412841797, 2.431609869003296, 2.3554604053497314, 2.3559703826904297],