{"TiempoSleep": 0.5, "MaxIteraciones": 50}
{"Iteracion": 1, "PuntosX": [2.084780693054199, 2.083998918533325, 2.1071674823760986, 2.001298666000366, 2.0097496509552], "PuntosY": [-1.5426565408706665, -1.5141137838363647, -1.5030280351638794, -1.4013241529464722, -1.3812626600265503]}
{"Iteracion": 2, "PuntosX": [1.9715849161148071, 1.9828996658325195, 2.1135568618774414, 2.1353933811187744], "PuntosY": [-1.4324402809143066, -1.4143885374069214, -1.4799282550811768, -1.4676151275634766]}
{"Iteracion": 3, "PuntosX": [1.967968225479126, 1.9767630100250244, 2.1147451400756836, 2.1199676990509033], "PuntosY": [-1.4829703569412231, -1.4627280235290527, -1.4534236192703247, -1.429936170578003]}
{"Iteracion": 4, "PuntosX": [1.9938881397247314, 1.9979137182235718, 2.023256301879883, 2.0896244049072266, 2.0978145599365234], "PuntosY": [-1.5299638509750366, -1.5055359601974487, -1.4971308708190918, -1.409469485282898, -1.388513207435608]}
{"Iteracion": 5, "PuntosX": [2.035707473754883, 2.049285888671875, 2.0479841232299805, 2.0634591579437256], "PuntosY": [-1.5340161323547363, -1.5163918733596802, -1.3813824653625488, -1.365774154663086]}
{"Iteracion": 6, "PuntosX": [2.0855789184570312, 2.084322214126587, 2.1070799827575684, 2.0017666816711426, 2.0099985599517822], "PuntosY": [-1.5432473421096802, -1.5143488645553589, -1.5029654502868652, -1.4016517400741577, -1.3814336061477661]}
{"Iteracion": 7, "PuntosX": [1.9718341827392578, 1.9829257726669312, 2.113713264465332, 2.13533616065979], "PuntosY": [-1.4326214790344238, -1.4144072532653809, -1.480038046836853, -1.4675756692886353]}
{"Iteracion": 8, "PuntosX": [1.968180537223816, 1.9766827821731567, 2.1151092052459717, 2.119955539703369], "PuntosY": [-1.4831303358078003, -1.4626681804656982, -1.4536741971969604, -1.429928183555603]}
{"Iteracion": 9, "PuntosX": [1.994471549987793, 1.9978197813034058, 2.022189140319824, 2.089968681335449, 2.097625255584717], "PuntosY": [-1.5304111242294312, -1.505464792251587, -1.4963409900665283, -1.4097013473510742, -1.3883875608444214]}
{"Iteracion": 10, "PuntosX": [2.035835027694702, 2.0490894317626953, 2.0480101108551025, 2.0632164478302], "PuntosY": [-1.5341118574142456, -1.5162463188171387, -1.3813999891281128, -1.3656134605407715]}
{"Iteracion": 11, "PuntosX": [2.4352736473083496, 2.4380757808685303, 2.368196725845337, 2.355534076690674, 2.3695976734161377], "PuntosY": [-0.8385319113731384, -0.8157687783241272, -0.7240303158760071, -0.6977408528327942, -0.6794711947441101]}
{"Iteracion": 12, "PuntosX": [2.464766502380371, 2.325589179992676, 2.3390135765075684], "PuntosY": [-0.8008511066436768, -0.7332553863525391, -0.7151082158088684]}
{"Iteracion": 13, "PuntosX": [2.3306727409362793, 2.3227171897888184, 2.3388795852661133, 2.468505620956421, 2.473231554031372], "PuntosY": [-0.8025146126747131, -0.7771703004837036, -0.7599478960037231, -0.7546976804733276, -0.7326043844223022]}
{"Iteracion": 14, "PuntosX": [2.347848415374756, 2.3503658771514893, 2.4504165649414062, 2.444702386856079, 2.4660229682922363], "PuntosY": [-0.8314164280891418, -0.809295654296875, -0.7258466482162476, -0.7010068893432617, -0.6838886737823486]}
{"Iteracion": 15, "PuntosX": [2.389981746673584, 2.3949005603790283, 2.400803327560425, 2.413257598876953], "PuntosY": [-0.8463371396064758, -0.8246302604675293, -0.6884192824363708, -0.6692554354667664]}
{"Iteracion": 16, "PuntosX": [2.4363291263580322, 2.4384219646453857, 2.356095552444458, 2.369447946548462], "PuntosY": [-0.8388952612876892, -0.8158846497535706, -0.6979072093963623, -0.6794283390045166]}
{"Iteracion": 17, "PuntosX": [2.4655678272247314, 2.3260347843170166, 2.338603973388672], "PuntosY": [-0.8011115789413452, -0.7333959341049194, -0.7149830460548401]}
{"Iteracion": 18, "PuntosX": [2.332850933074951, 2.32287859916687, 2.3379971981048584, 2.4691624641418457, 2.4730353355407715], "PuntosY": [-0.8032649159431458, -0.7772243022918701, -0.7596612572669983, -0.7548984885215759, -0.7325463891029358]}
{"Iteracion": 19, "PuntosX": [2.3482775688171387, 2.3501951694488525, 2.4512856006622314, 2.4447264671325684, 2.4647204875946045], "PuntosY": [-0.8315685391426086, -0.8092367649078369, -0.7261040210723877, -0.70101398229599, -0.6835273504257202]}
{"Iteracion": 20, "PuntosX": [2.3901424407958984, 2.394716262817383, 2.400876998901367, 2.4129538536071777], "PuntosY": [-0.846393883228302, -0.8245669603347778, -0.6884405612945557, -0.6691714525222778]}
{"Iteracion": 21, "PuntosX": [2.5570015907287598, 2.5573904514312744, 2.476789712905884, 2.4809763431549072], "PuntosY": [-0.06695745885372162, -0.04463966563344002, 0.06485705822706223, 0.08663772791624069]}
{"Iteracion": 22, "PuntosX": [2.605464458465576, 2.5848166942596436, 2.5959932804107666, 2.4509315490722656, 2.4468626976013184], "PuntosY": [-0.045478761196136475, -0.0225573368370533, -3.969762474298477e-08, 0.02138894610106945, 0.04271014407277107]}
{"Iteracion": 23, "PuntosX": [2.4454777240753174, 2.444678544998169, 2.5886471271514893, 2.5984089374542236], "PuntosY": [-0.021341202780604362, 3.7049176171422005e-08, 0.022590842097997665, 0.04535546153783798]}
{"Iteracion": 24, "PuntosX": [2.472561836242676, 2.4679622650146484, 2.574558734893799, 2.5644114017486572], "PuntosY": [-0.06474639475345612, -0.04307851567864418, 0.0449393093585968, 0.06715148687362671]}
{"Iteracion": 25, "PuntosX": [2.522174596786499, 2.5101704597473145, 2.5246129035949707, 2.527935028076172, 2.522132396697998], "PuntosY": [-0.08807635307312012, -0.06573113799095154, -0.04406743124127388, 0.06619621813297272, 0.08807478845119476]}
{"Iteracion": 26, "PuntosX": [2.5578784942626953, 2.5577166080474854, 2.4775631427764893, 2.481219530105591], "PuntosY": [-0.06698040664196014, -0.044645100831985474, 0.06487725675106049, 0.08664630353450775]}
{"Iteracion": 27, "PuntosX": [2.585310697555542, 2.5956804752349854, 2.4518463611602783, 2.447148323059082], "PuntosY": [-0.022561902180314064, -4.45579644292593e-08, 0.021396851167082787, 0.04271504655480385]}
{"Iteracion": 28, "PuntosX": [2.446056604385376, 2.444622039794922, 2.588930368423462, 2.5978503227233887], "PuntosY": [-0.021346136927604675, 9.38598532229662e-08, 0.0225933026522398, 0.045345693826675415]}
{"Iteracion": 29, "PuntosX": [2.4729573726654053, 2.46787166595459, 2.575148344039917, 2.564411163330078, 2.5874195098876953], "PuntosY": [-0.06475673615932465, -0.04307720810174942, 0.04494938999414444, 0.06715153902769089, 0.09035472571849823]}
{"Iteracion": 30, "PuntosX": [2.522568702697754, 2.51009464263916, 2.5240397453308105, 2.528129816055298, 2.5220043659210205], "PuntosY": [-0.08809015154838562, -0.06572924554347992, -0.044057510793209076, 0.06620121747255325, 0.0880703553557396]}
{"Iteracion": 31, "PuntosX": [2.43760347366333, 2.4305787086486816, 2.380465030670166, 2.354050636291504, 2.3553268909454346], "PuntosY": [0.6989715099334717, 0.7199703454971313, 0.8196595907211304, 0.8336130380630493, 0.8572688102722168]}
{"Iteracion": 32, "PuntosX": [2.4705357551574707, 2.4603569507598877, 2.3437864780426025, 2.3233189582824707, 2.32661509513855], "PuntosY": [0.7318059802055359, 0.7522064447402954, 0.7842199802398682, 0.7999825477600098, 0.8238975405693054]}
{"Iteracion": 33, "PuntosX": [2.340729236602783, 2.319950819015503, 2.32289457321167], "PuntosY": [0.7380290627479553, 0.7537976503372192, 0.7772297263145447]}
{"Iteracion": 34, "PuntosX": [2.361124277114868, 2.343723773956299, 2.3499574661254883, 2.448106050491333, 2.440014123916626], "PuntosY": [0.699397087097168, 0.7165482044219971, 0.7409390211105347, 0.8191251158714294, 0.8401641845703125]}
{"Iteracion": 35, "PuntosX": [2.394686698913574, 2.385768175125122, 2.414849042892456, 2.397919178009033, 2.4095048904418945], "PuntosY": [0.6866655349731445, 0.7066968679428101, 0.8314992785453796, 0.849147617816925, 0.8769883513450623]}
{"Iteracion": 36, "PuntosX": [2.438269853591919, 2.431001901626587, 2.3823084831237793, 2.3546011447906494, 2.35567045211792],